{
  "$schema": "./node_modules/@angular/service-worker/config/schema.json",
  "index": "/index.html",
  "assetGroups": [
    {
      "name": "app",
      "installMode": "prefetch",
      "resources": {
        "files": [
          "/favicon.ico",
          "/index.html",
          "/manifest.webmanifest",
          "/*.css",
          "/*.js"
        ],
        "urls": [
          "https://fonts.googleapis.com/css?family=Roboto:300,400,500&amp;display=swap",
          "https://fonts.googleapis.com/icon?family=Material+Icons"
        ]
      }
    },
    {
      "name": "assets",
      "installMode": "lazy",
      "updateMode": "prefetch",
      "resources": {
        "files": [
          "/assets/**",
          "/*.(eot|svg|cur|jpg|png|webp|gif|otf|ttf|woff|woff2|ani)"
        ]
      }
    }
  ],
  "dataGroups": [
    {
      "name": "pokemons",
      "urls": ["http://localhost:3000/pokemons?offset=0&limit=4"],
      "cacheConfig": {
        "maxSize": 20,
        "maxAge": "6h",
        "timeout": "10s",
        "strategy": "freshness"
      }
    },
    {
      "name": "pokemons",
      "urls": ["http://localhost:3000/pokemons?offset=0&limit=20"],
      "cacheConfig": {
        "maxSize": 20,
        "maxAge": "6h",
        "timeout": "10s",
        "strategy": "freshness"
      }
    }
  ]
}
